0.0,0,0.0,0.0,0.0,0.0,0,0.0,0.0,0.0,0.0,0.0,0,0,0.0,0.0,0.0,0.0,0.0,0,0,0.0,0.0,0.0,0.0,0.0,0.0,0.0,0.0,0.0,0.0,0,0,0,0
0.0032150802010421863,0,-0.009277802865864593,0.004592971715774551,-0.0007669924197714167,-0.013778915147323652,0,0.013411477410061686,0.01495471590656194,-0.024342750093605127,-0.04868550018721024,-0.0058785904287370055,0,0,-0.01056383494628147,-0.014550534395573779,-0.009680147188166455,-0.05612611436676502,-0.000664527682536439,0,0,0.0010573157894736842,0.0010573157894736842,0.0010573157894736842,0.0010573157894736842,0.0010573157894736842,0.009133578947368421,0.009133578947368421,0.009133578947368421,0.009133578947368421,0.009133578947368421,0,0,0,0
0.006430160402084373,0,-0.018555605731729187,0.009185943431549102,-0.0015339848395428334,-0.027557830294647305,0,0.02682295482012337,0.02990943181312388,-0.048685500187210254,-0.09737100037442048,-0.011757180857474011,0,0,-0.02112766989256294,-0.029101068791147558,-0.01936029437633291,-0.11225222873353004,-0.001329055365072878,0,0,0.0021146315789473684,0.0021146315789473684,0.0021146315789473684,0.0021146315789473684,0.0021146315789473684,0.018267157894736843,0.018267157894736843,0.018267157894736843,0.018267157894736843,0.018267157894736843,0,0,0,0
0.009645240603126558,0,-0.02783340859759378,0.013778915147323652,-0.0023009772593142503,-0.041336745441970954,0,0.04023443223018506,0.04486414771968582,-0.07302825028081539,-0.14605650056163072,-0.017635771286211015,0,0,-0.031691504838844406,-0.04365160318672134,-0.029040441564499364,-0.16837834310029506,-0.001993583047609317,0,0,0.003171947368421053,0.003171947368421053,0.003171947368421053,0.003171947368421053,0.003171947368421053,0.027400736842105262,0.027400736842105262,0.027400736842105262,0.027400736842105262,0.027400736842105262,0,0,0,0
0.012860320804168745,0,-0.037111211463458374,0.018371886863098204,-0.003067969679085667,-0.05511566058929461,0,0.05364590964024674,0.05981886362624776,-0.09737100037442051,-0.19474200074884096,-0.023514361714948022,0,0,-0.04225533978512588,-0.058202137582295116,-0.03872058875266582,-0.22450445746706008,-0.002658110730145756,0,0,0.004229263157894737,0.004229263157894737,0.004229263157894737,0.004229263157894737,0.004229263157894737,0.036534315789473686,0.036534315789473686,0.036534315789473686,0.036534315789473686,0.036534315789473686,0,0,0,0
0.016075401005210932,0,-0.046389014329322964,0.022964858578872756,-0.0038349620988570835,-0.06889457573661827,0,0.06705738705030843,0.0747735795328097,-0.12171375046802563,-0.2434275009360512,-0.02939295214368503,0,0,-0.05281917473140735,-0.07275267197786889,-0.048400735940832273,-0.2806305718338251,-0.003322638412682195,0,0,0.005286578947368421,0.005286578947368421,0.005286578947368421,0.005286578947368421,0.005286578947368421,0.04566789473684211,0.04566789473684211,0.04566789473684211,0.04566789473684211,0.04566789473684211,0,0,0,0
0.019290481206253117,0,-0.05566681719518756,0.027557830294647305,-0.0046019545186285005,-0.08267349088394191,0,0.08046886446037012,0.08972829543937164,-0.14605650056163078,-0.29211300112326144,-0.03527154257242203,0,0,-0.06338300967768881,-0.08730320637344267,-0.05808088312899873,-0.3367566862005901,-0.003987166095218634,0,0,0.006343894736842106,0.006343894736842106,0.006343894736842106,0.006343894736842106,0.006343894736842106,0.054801473684210525,0.054801473684210525,0.054801473684210525,0.054801473684210525,0.054801473684210525,0,0,0,0
0.022505561407295305,0,-0.06494462006105216,0.03215080201042186,-0.005368946938399917,-0.09645240603126556,0,0.0938803418704318,0.10468301134593358,-0.1703992506552359,-0.3407985013104717,-0.04115013300115904,0,0,-0.07394684462397029,-0.10185374076901646,-0.06776103031716518,-0.39288280056735514,-0.004651693777755073,0,0,0.00740121052631579,0.00740121052631579,0.00740121052631579,0.00740121052631579,0.00740121052631579,0.06393505263157895,0.06393505263157895,0.06393505263157895,0.06393505263157895,0.06393505263157895,0,0,0,0
0.02572064160833749,0,-0.07422242292691675,0.03674377372619641,-0.006135939358171334,-0.11023132117858922,0,0.10729181928049349,0.11963772725249552,-0.19474200074884102,-0.3894840014976819,-0.047028723429896044,0,0,-0.08451067957025175,-0.11640427516459023,-0.07744117750533164,-0.44900891493412015,-0.005316221460291512,0,0,0.008458526315789474,0.008458526315789474,0.008458526315789474,0.008458526315789474,0.008458526315789474,0.07306863157894737,0.07306863157894737,0.07306863157894737,0.07306863157894737,0.07306863157894737,0,0,0,0
0.028935721809379675,0,-0.08350022579278134,0.04133674544197096,-0.00690293177794275,-0.12401023632591288,0,0.12070329669055517,0.13459244315905747,-0.21908475084244614,-0.43816950168489216,-0.05290731385863305,0,0,-0.09507451451653322,-0.130954809560164,-0.08712132469349809,-0.5051350293008852,-0.0059807491428279505,0,0,0.009515842105263158,0.009515842105263158,0.009515842105263158,0.009515842105263158,0.009515842105263158,0.0822022105263158,0.0822022105263158,0.0822022105263158,0.0822022105263158,0.0822022105263158,0,0,0,0
0.032150802010421864,0,-0.09277802865864593,0.04592971715774551,-0.007669924197714167,-0.13778915147323653,0,0.13411477410061687,0.1495471590656194,-0.24342750093605126,-0.4868550018721024,-0.05878590428737006,0,0,-0.1056383494628147,-0.14550534395573778,-0.09680147188166455,-0.5612611436676502,-0.00664527682536439,0,0,0.010573157894736842,0.010573157894736842,0.010573157894736842,0.010573157894736842,0.010573157894736842,0.09133578947368422,0.09133578947368422,0.09133578947368422,0.09133578947368422,0.09133578947368422,0,0,0,0
0.03536588221146405,0,-0.10205583152451053,0.050522688873520065,-0.008436916617485584,-0.1515680666205602,0,0.14752625151067855,0.16450187497218136,-0.2677702510296564,-0.5355405020593127,-0.06466449471610707,0,0,-0.11620218440909616,-0.16005587835131158,-0.106481619069831,-0.6173872580344152,-0.007309804507900829,0,0,0.011630473684210526,0.011630473684210526,0.011630473684210526,0.011630473684210526,0.011630473684210526,0.10046936842105264,0.10046936842105264,0.10046936842105264,0.10046936842105264,0.10046936842105264,0,0,0,0
0.038580962412506234,0,-0.11133363439037512,0.05511566058929461,-0.009203909037257001,-0.16534698176788382,0,0.16093772892074024,0.17945659087874327,-0.29211300112326155,-0.5842260022465229,-0.07054308514484406,0,0,-0.12676601935537762,-0.17460641274688535,-0.11616176625799746,-0.6735133724011803,-0.007974332190437267,0,0,0.012687789473684211,0.012687789473684211,0.012687789473684211,0.012687789473684211,0.012687789473684211,0.10960294736842105,0.10960294736842105,0.10960294736842105,0.10960294736842105,0.10960294736842105,0,0,0,0
0.04179604261354842,0,-0.12061143725623971,0.05970863230506916,-0.009970901457028418,-0.17912589691520747,0,0.17434920633080192,0.19441130678530522,-0.31645575121686664,-0.6329115024337331,-0.07642167557358107,0,0,-0.1373298543016591,-0.18915694714245912,-0.1258419134461639,-0.7296394867679452,-0.008638859872973706,0,0,0.013745105263157895,0.013745105263157895,0.013745105263157895,0.013745105263157895,0.013745105263157895,0.11873652631578947,0.11873652631578947,0.11873652631578947,0.11873652631578947,0.11873652631578947,0,0,0,0
0.04501112281459061,0,-0.12988924012210432,0.06430160402084371,-0.010737893876799834,-0.19290481206253113,0,0.1877606837408636,0.20936602269186716,-0.3407985013104718,-0.6815970026209434,-0.08230026600231807,0,0,-0.14789368924794058,-0.20370748153803292,-0.13552206063433037,-0.7857656011347103,-0.009303387555510146,0,0,0.01480242105263158,0.01480242105263158,0.01480242105263158,0.01480242105263158,0.01480242105263158,0.1278701052631579,0.1278701052631579,0.1278701052631579,0.1278701052631579,0.1278701052631579,0,0,0,0
0.048226203015632796,0,-0.1391670429879689,0.06889457573661827,-0.00566628510827912,-0.20668372720985478,0,0.2011721611509253,0.2243207385984291,-0.3651412514040769,-0.7302825028081537,-0.08817885643105508,0,0,-0.15845752419422204,-0.2182580159336067,-0.14520220782249682,-0.8418917155014752,-0.009967915238046585,0,0,0.015859736842105263,0.015859736842105263,0.015859736842105263,0.015859736842105263,0.015859736842105263,0.13700368421052633,0.13700368421052633,0.13700368421052633,0.13700368421052633,0.13700368421052633,0,0,0,0
0.05144128321667498,0,-0.1484448458538335,0.07348754745239282,-0.000594676339758406,-0.22046264235717844,0,0.21458363856098697,0.23927545450499105,-0.38948400149768203,-0.7789680029953638,-0.09405744685979209,0,0,-0.1690213591405035,-0.23280855032918046,-0.15488235501066328,-0.8980178298682403,-0.010632442920583024,0,0,0.016917052631578947,0.016917052631578947,0.016917052631578947,0.016917052631578947,0.016917052631578947,0.14613726315789474,0.14613726315789474,0.14613726315789474,0.14613726315789474,0.14613726315789474,0,0,0,0
0.054656363417717166,0,-0.1577226487196981,0.07808051916816737,0.004476932428762308,-0.2342415575045021,0,0.22799511597104866,0.254230170411553,-0.4138267515912872,-0.827653503182574,-0.0999360372885291,0,0,-0.17958519408678497,-0.24735908472475424,-0.16456250219882973,-0.9541439442350054,-0.011296970603119462,0,0,0.01797436842105263,0.01797436842105263,0.01797436842105263,0.01797436842105263,0.01797436842105263,0.15527084210526315,0.15527084210526315,0.15527084210526315,0.15527084210526315,0.15527084210526315,0,0,0,0
0.05787144361875935,0,-0.16700045158556268,0.08267349088394192,0.009548541197283022,-0.24802047265182575,0,0.24140659338111034,0.26918488631811494,-0.43816950168489227,-0.8763390033697843,-0.1058146277172661,0,0,-0.19014902903306644,-0.261909619120328,-0.17424264938699618,-1.0102700586017703,-0.011961498285655901,0,0,0.019031684210526315,0.019031684210526315,0.019031684210526315,0.019031684210526315,0.019031684210526315,0.1644044210526316,0.1644044210526316,0.1644044210526316,0.1644044210526316,0.1644044210526316,0,0,0,0
0.061086523819801536,0,-0.17627825445142728,0.08726646259971647,0.014620149965803736,-0.2617993877991494,0,0.254818070791172,0.2841396022246769,-0.4625122517784974,-0.9250245035569946,-0.11169321814600311,0,0,-0.2007128639793479,-0.2764601535159018,-0.18392279657516264,-1.0663961729685354,-0.01262602596819234,0,0,0.020089,0.020089,0.020089,0.020089,0.020089,0.173538,0.173538,0.173538,0.173538,0.173538,0,0,0,0
0.06008410978096494,0,-0.17407518260525093,0.07635815477475191,0.019691758734324452,-0.22387291773217877,0,0.22634738736801452,0.2836596366803784,-0.42211006125639366,-0.8931722447080981,-0.1039232653888659,0,0,-0.1722421805561904,-0.2769401190602003,-0.14352060605305889,-1.0199267816341864,-0.004856073211055124,0,0,0.060077875,0.060077875,0.060077875,0.060077875,0.060077875,0.18809575,0.18809575,0.18809575,0.18809575,0.18809575,0,0,0,0
0.05908169574212834,0,-0.17187211075907455,0.06544984694978735,0.02476336750284517,-0.18594644766520813,0,0.19787670394485704,0.28317967113608,-0.3817078707342899,-0.8613199858592016,-0.09615331263172867,0,0,-0.14377149713303292,-0.2774200846044987,-0.10311841553095513,-0.9734573902998374,0.002913879546082092,0,0,0.10006675,0.10006675,0.10006675,0.10006675,0.10006675,0.2026535,0.2026535,0.2026535,0.2026535,0.2026535,0,0,0,0
0.05807928170329175,0,-0.1696690389128982,0.0545415391248228,0.02983497627136588,-0.14801997759823748,0,0.16940602052169954,0.28269970559178154,-0.34130568021218616,-0.829467727010305,-0.08838335987459146,0,0,-0.11530081370987541,-0.27790005014879715,-0.06271622500885138,-0.9269879989654883,0.010683832303219306,0,0,0.140055625,0.140055625,0.140055625,0.140055625,0.140055625,0.21721125,0.21721125,0.21721125,0.21721125,0.21721125,0,0,0,0
0.05707686766445515,0,-0.16746596706672184,0.04363323129985824,0.03490658503988659,-0.16506390314212552,0,0.14093533709854206,0.2822197400474831,-0.3009034896900824,-0.7976154681614085,-0.08061340711745424,0,0,-0.08683013028671792,-0.27838001569309556,-0.022314034486747625,-0.8805186076311393,0.018453785060356526,0,0,0.1800445,0.1800445,0.1800445,0.1800445,0.1800445,0.231769,0.231769,0.231769,0.231769,0.231769,0,0,0,0
0.05607445362561855,0,-0.16526289522054546,0.032724923474893676,0.030543261909900768,-0.18210782868601355,0,0.11246465367538455,0.28173977450318466,-0.26050129916797865,-0.765763209312512,-0.07284345436031703,0,0,-0.05835944686356043,-0.27885998123739403,0.01808815603535613,-0.8340492162967903,0.026223737817493743,0,0,0.220033375,0.220033375,0.220033375,0.220033375,0.220033375,0.24632674999999998,0.24632674999999998,0.24632674999999998,0.24632674999999998,0.24632674999999998,0,0,0,0
0.05507203958678195,0,-0.1630598233743691,0.021816615649929122,0.026179938779914945,-0.19915175422990156,0,0.08399397025222705,0.28125980895888625,-0.2200991086458749,-0.7339109504636155,-0.06507350160317982,0,0,-0.02988876344040292,-0.27933994678169244,0.05849034655745988,-0.7875798249624412,0.033993690574630954,0,0,0.26002225,0.26002225,0.26002225,0.26002225,0.26002225,0.26088449999999996,0.26088449999999996,0.26088449999999996,0.26088449999999996,0.26088449999999996,0,0,0,0
0.05406962554794536,0,-0.16085675152819276,0.010908307824964561,0.02181661564992912,-0.2161956797737896,0,0.05552328682906957,0.2807798434145878,-0.17969691812377114,-0.702058691614719,-0.0573035488460426,0,0,-0.0014180800172454433,-0.2798199123259909,0.09889253707956364,-0.7411104336280921,0.04176364333176817,0,0,0.30001112500000005,0.30001112500000005,0.30001112500000005,0.30001112500000005,0.30001112500000005,0.27544225,0.27544225,0.27544225,0.27544225,0.27544225,0,0,0,0
0.05306721150910876,0,-0.15865367968201638,0.0,0.017453292519943295,-0.20672683224940736,0,0.027052603405912062,0.2802998778702893,-0.1392947276016674,-0.6702064327658225,-0.04953359608890538,0,0,0.027052603405912062,-0.2802998778702893,0.1392947276016674,-0.6946410422937431,0.04953359608890539,0,0,0.34,0.34,0.34,0.34,0.34,0.29,0.29,0.29,0.29,0.29,0,0,0,0
0.052064797470272164,0,-0.15645060783584003,-0.010908307824964561,0.013089969389957472,-0.19725798472502512,0,-0.0014180800172454155,0.2798199123259909,-0.09889253707956364,-0.7197301502911616,-0.04176364333176817,0,0,0.05552328682906954,-0.2807798434145878,0.17969691812377114,-0.7234389749516495,0.0573035488460426,0,0,0.31919225,0.31919225,0.31919225,0.31919225,0.31919225,0.256261125,0.256261125,0.256261125,0.256261125,0.256261125,0,0,0,0
0.051062383431435564,0,-0.15424753598966368,-0.021816615649929122,0.008726646259971646,-0.18778913720064289,0,-0.02988876344040292,0.27933994678169244,-0.05849034655745988,-0.7692538678165007,-0.03399369057463095,0,0,0.08399397025222705,-0.28125980895888625,0.2200991086458749,-0.752236907609556,0.06507350160317982,0,0,0.2983845,0.2983845,0.2983845,0.2983845,0.2983845,0.22252224999999998,0.22252224999999998,0.22252224999999998,0.22252224999999998,0.22252224999999998,0,0,0,0
0.05005996939259897,0,-0.1520444641434873,-0.03272492347489368,0.004363323129985823,-0.17832028967626065,0,-0.05835944686356043,0.27885998123739403,-0.01808815603535613,-0.8187775853418398,-0.026223737817493736,0,0,0.11246465367538455,-0.28173977450318466,0.26050129916797865,-0.7810348402674624,0.07284345436031703,0,0,0.27757675000000004,0.27757675000000004,0.27757675000000004,0.27757675000000004,0.27757675000000004,0.188783375,0.188783375,0.188783375,0.188783375,0.188783375,0,0,0,0
0.04905755535376237,0,-0.14984139229731094,-0.04363323129985823,0.0,-0.1950161093008384,0,-0.08683013028671793,0.27838001569309556,0.022314034486747625,-0.8683013028671789,-0.018453785060356526,0,0,0.14093533709854206,-0.2822197400474831,0.3009034896900824,-0.8098327729253689,0.08061340711745424,0,0,0.256769,0.256769,0.256769,0.256769,0.256769,0.1550445,0.1550445,0.1550445,0.1550445,0.1550445,0,0,0,0
0.048055141314925776,0,-0.1476383204511346,-0.054541539124822805,-0.004363323129985823,-0.21171192892541615,0,-0.11530081370987544,0.27790005014879715,0.06271622500885132,-0.917825020392518,-0.010683832303219301,0,0,0.16940602052169956,-0.28269970559178154,0.3413056802121861,-0.8386307055832753,0.08838335987459146,0,0,0.23596125,0.23596125,0.23596125,0.23596125,0.23596125,0.121305625,0.121305625,0.121305625,0.121305625,0.121305625,0,0,0,0
0.04705272727608918,0,-0.1454352486049582,-0.06544984694978735,-0.008726646259971646,-0.2284077485499939,0,-0.1437714971330329,0.2774200846044987,0.10311841553095513,-0.9673487379178571,-0.0029138795460820904,0,0,0.197876703944857,-0.28317967113608,0.3817078707342899,-0.8674286382411818,0.09615331263172867,0,0,0.2151535,0.2151535,0.2151535,0.2151535,0.2151535,0.08756675000000003,0.08756675000000003,0.08756675000000003,0.08756675000000003,0.08756675000000003,0,0,0,0
0.04605031323725258,0,-0.14323217675878186,-0.07635815477475193,-0.013089969389957469,-0.24510356817457166,0,-0.1722421805561904,0.2769401190602003,0.14352060605305894,-1.0168724554431963,0.004856073211055134,0,0,0.22634738736801452,-0.2836596366803784,0.4221100612563937,-0.8962265708990882,0.1039232653888659,0,0,0.19434575,0.19434575,0.19434575,0.19434575,0.19434575,0.053827875000000025,0.053827875000000025,0.053827875000000025,0.053827875000000025,0.053827875000000025,0,0,0,0
0.04504789919841598,0,-0.1410291049126055,-0.08726646259971647,-0.0174532925199433,-0.2617993877991494,0,-0.2007128639793479,0.2764601535159018,0.18392279657516264,-1.0663961729685354,0.01262602596819234,0,0,0.254818070791172,-0.2841396022246769,0.4625122517784974,-0.9250245035569946,0.11169321814600311,0,0,0.173538,0.173538,0.173538,0.173538,0.173538,0.020089,0.020089,0.020089,0.020089,0.020089,0,0,0,0
0.04404548515957939,0,-0.13882603306642916,-0.07757018897752575,-0.021816615649929122,-0.2324076504964832,0,-0.17540558982543014,0.2768867895552782,0.14800973833329265,-1.0223750907237896,0.005719401295181481,0,0,0.22951079663725427,-0.2837129661853005,0.4265991935366274,-0.8994263411944111,0.10478659347299225,0,0,0.19203377777777778,0.19203377777777778,0.19203377777777778,0.19203377777777778,0.19203377777777778,0.0500791111111111,0.0500791111111111,0.0500791111111111,0.0500791111111111,0.0500791111111111,0,0,0,0
0.04304307112074279,0,-0.13662296122025278,-0.06787391535533503,-0.026179938779914945,-0.203015913193817,0,-0.15009831567151236,0.2773134255946546,0.11209668009142264,-0.9783540084790436,-0.0011872233778293783,0,0,0.20420352248333648,-0.2832863301459241,0.39068613529475743,-0.8738281788318276,0.0978799687999814,0,0,0.21052955555555555,0.21052955555555555,0.21052955555555555,0.21052955555555555,0.21052955555555555,0.08006922222222221,0.08006922222222221,0.08006922222222221,0.08006922222222221,0.08006922222222221,0,0,0,0
0.04204065708190619,0,-0.13441988937407642,-0.05817764173314432,-0.03054326190990076,-0.17362417589115078,0,-0.12479104151759458,0.277740061634031,0.07618362184955263,-0.9343329262342978,-0.008093848050840237,0,0,0.1788962483294187,-0.2828596941065477,0.3547730770528874,-0.8482300164692441,0.09097334412697053,0,0,0.22902533333333336,0.22902533333333336,0.22902533333333336,0.22902533333333336,0.22902533333333336,0.11005933333333331,0.11005933333333331,0.11005933333333331,0.11005933333333331,0.11005933333333331,0,0,0,0
0.04103824304306959,0,-0.13221681752790004,-0.0484813681109536,-0.03490658503988659,-0.14423243858848458,0,-0.09948376736367681,0.2781666976734074,0.040270563607682636,-0.8903118439895519,-0.015000472723851096,0,0,0.15358897417550094,-0.2824330580671713,0.31886001881101744,-0.8226318541066606,0.08406671945395967,0,0,0.24752111111111114,0.24752111111111114,0.24752111111111114,0.24752111111111114,0.24752111111111114,0.14004944444444442,0.14004944444444442,0.14004944444444442,0.14004944444444442,0.14004944444444442,0,0,0,0
0.040035829004233,0,-0.1300137456817237,-0.038785094488762877,-0.031028075591010302,-0.16127640776560392,0,-0.07417649320975905,0.2785933337127838,0.004357505365812642,-0.846290761744806,-0.021907097396861953,0,0,0.12828170002158318,-0.2820064220277949,0.2829469605691474,-0.7970336917440771,0.07716009478094882,0,0,0.2660168888888889,0.2660168888888889,0.2660168888888889,0.2660168888888889,0.2660168888888889,0.17003955555555553,0.17003955555555553,0.17003955555555553,0.17003955555555553,0.17003955555555553,0,0,0,0
0.039033414965396404,0,-0.12781067383554734,-0.029088820866572163,-0.027149566142134016,-0.17832037694272324,0,-0.04886921905584127,0.27901996975216015,-0.03155555287605738,-0.8022696795000601,-0.028813722069872816,0,0,0.10297442586766539,-0.28157978598841854,0.2470339023272774,-0.7714355293814936,0.07025347010793795,0,0,0.2845126666666667,0.2845126666666667,0.2845126666666667,0.2845126666666667,0.2845126666666667,0.20002966666666663,0.20002966666666663,0.20002966666666663,0.20002966666666663,0.20002966666666663,0,0,0,0
0.0380310009265598,0,-0.125607601989371,-0.01939254724438144,-0.023271056693257727,-0.19536434611984255,0,-0.02356194490192348,0.2794466057915366,-0.06746861111792735,-0.7582485972553142,-0.03572034674288368,0,0,0.0776671517137476,-0.2811531499490421,0.21112084408540743,-0.7458373670189101,0.0633468454349271,0,0,0.30300844444444447,0.30300844444444447,0.30300844444444447,0.30300844444444447,0.30300844444444447,0.23001977777777774,0.23001977777777774,0.23001977777777774,0.23001977777777774,0.23001977777777774,0,0,0,0
0.03702858688772321,0,-0.12340453014319461,-0.00969627362219072,-0.01939254724438144,-0.21240831529696189,0,0.0017453292519942765,0.27987324183091294,-0.10338166935979737,-0.7142275150105684,-0.042626971415894534,0,0,0.05235987755982985,-0.28072651390966574,0.1752077858435374,-0.7202392046563266,0.05644022076191624,0,0,0.32150422222222225,0.32150422222222225,0.32150422222222225,0.32150422222222225,0.32150422222222225,0.2600098888888889,0.2600098888888889,0.2600098888888889,0.2600098888888889,0.2600098888888889,0,0,0,0
0.03602617284888661,0,-0.12120145829701826,0.0,-0.015514037795505153,-0.20293946777257965,0,0.027052603405912035,0.2802998778702893,-0.1392947276016674,-0.6702064327658225,-0.04953359608890539,0,0,0.02705260340591209,-0.2802998778702893,0.1392947276016674,-0.6946410422937431,0.04953359608890538,0,0,0.34,0.34,0.34,0.34,0.34,0.29,0.29,0.29,0.29,0.29,0,0,0,0
0.035023758810050015,0,-0.11899838645084189,0.00969627362219072,-0.011635528346628864,-0.19347062024819742,0,0.05235987755982979,0.28072651390966574,-0.17520778584353736,-0.6985195517426194,-0.056440220761916245,0,0,0.001745329251994332,-0.27987324183091294,0.10338166935979742,-0.7359471679242756,0.04262697141589453,0,0,0.3044543333333334,0.3044543333333334,0.3044543333333334,0.3044543333333334,0.3044543333333334,0.27705977777777774,0.27705977777777774,0.27705977777777774,0.27705977777777774,0.27705977777777774,0,0,0,0
0.03402134477121342,0,-0.11679531460466552,0.01939254724438144,-0.007757018897752578,-0.18400177272381518,0,0.0776671517137476,0.2811531499490421,-0.21112084408540738,-0.7268326707194163,-0.06334684543492711,0,0,-0.02356194490192348,-0.2794466057915366,0.0674686111179274,-0.7772532935548081,0.03572034674288366,0,0,0.2689086666666667,0.2689086666666667,0.2689086666666667,0.2689086666666667,0.2689086666666667,0.26411955555555555,0.26411955555555555,0.26411955555555555,0.26411955555555555,0.26411955555555555,0,0,0,0
0.03301893073237682,0,-0.11459224275848917,0.02908882086657215,-0.003878509448876289,-0.17453292519943295,0,0.10297442586766536,0.28157978598841854,-0.2470339023272774,-0.7551457896962132,-0.07025347010793796,0,0,-0.04886921905584124,-0.27901996975216015,0.03155555287605738,-0.8185594191853406,0.028813722069872802,0,0,0.23336300000000001,0.23336300000000001,0.23336300000000001,0.23336300000000001,0.23336300000000001,0.2511793333333333,0.2511793333333333,0.2511793333333333,0.2511793333333333,0.2511793333333333,0,0,0,0
0.03201651669354022,0,-0.1123891709123128,0.03878509448876287,0.0,-0.18907733563271903,0,0.12828170002158312,0.2820064220277949,-0.28294696056914737,-0.7834589086730102,-0.07716009478094882,0,0,-0.074176493209759,-0.2785933337127838,-0.004357505365812586,-0.859865544815873,0.021907097396861946,0,0,0.19781733333333335,0.19781733333333335,0.19781733333333335,0.19781733333333335,0.19781733333333335,0.2382391111111111,0.2382391111111111,0.2382391111111111,0.2382391111111111,0.2382391111111111,0,0,0,0
0.031014102654703626,0,-0.11018609906613644,0.04848136811095359,0.0038785094488762856,-0.2036217460660051,0,0.15358897417550094,0.2824330580671713,-0.31886001881101733,-0.811772027649807,-0.08406671945395969,0,0,-0.09948376736367681,-0.2781666976734074,-0.04027056360768255,-0.9011716704464054,0.015000472723851077,0,0,0.16227166666666668,0.16227166666666668,0.16227166666666668,0.16227166666666668,0.16227166666666668,0.22529888888888888,0.22529888888888888,0.22529888888888888,0.22529888888888888,0.22529888888888888,0,0,0,0
0.03001168861586703,0,-0.10798302721996009,0.05817764173314431,0.007757018897752571,-0.21816615649929116,0,0.1788962483294187,0.2828596941065477,-0.3547730770528874,-0.8400851466266039,-0.09097334412697054,0,0,-0.12479104151759457,-0.277740061634031,-0.07618362184955263,-0.9424777960769379,0.008093848050840222,0,0,0.126726,0.126726,0.126726,0.126726,0.126726,0.21235866666666664,0.21235866666666664,0.21235866666666664,0.21235866666666664,0.21235866666666664,0,0,0,0
0.029009274577030432,0,-0.10577995537378372,0.06787391535533503,0.011635528346628864,-0.23271056693257725,0,0.20420352248333645,0.2832863301459241,-0.3906861352947574,-0.8683982656034008,-0.0978799687999814,0,0,-0.15009831567151233,-0.2773134255946546,-0.1120966800914226,-0.9837839217074704,0.0011872233778293662,0,0,0.09118033333333334,0.09118033333333334,0.09118033333333334,0.09118033333333334,0.09118033333333334,0.19941844444444443,0.19941844444444443,0.19941844444444443,0.19941844444444443,0.19941844444444443,0,0,0,0
0.028006860538193838,0,-0.10357688352760736,0.07757018897752575,0.01551403779550515,-0.24725497736586333,0,0.2295107966372542,0.2837129661853005,-0.42659919353662734,-0.8967113845801977,-0.10478659347299225,0,0,-0.17540558982543009,-0.2768867895552782,-0.14800973833329256,-1.025090047338003,-0.005719401295181489,0,0,0.055634666666666666,0.055634666666666666,0.055634666666666666,0.055634666666666666,0.055634666666666666,0.1864782222222222,0.1864782222222222,0.1864782222222222,0.1864782222222222,0.1864782222222222,0,0,0,0
0.027004446499357238,0,-0.101373811681431,0.08726646259971647,0.019392547244381435,-0.2617993877991494,0,0.254818070791172,0.2841396022246769,-0.4625122517784974,-0.9250245035569946,-0.11169321814600311,0,0,-0.2007128639793479,-0.2764601535159018,-0.18392279657516264,-1.0663961729685354,-0.01262602596819234,0,0,0.020089,0.020089,0.020089,0.020089,0.020089,0.173538,0.173538,0.173538,0.173538,0.173538,0,0,0,0
0.026002032460520644,0,-0.09917073983525464,0.0769998199409263,0.023271056693257727,-0.2324076504964832,0,0.22802213345172967,0.28368786994769013,-0.42448666069887037,-0.8967113845801977,-0.10438032143340338,0,0,-0.17391692663990554,-0.27691188579288856,-0.1458972054955356,-1.025090047338003,-0.005313129255592607,0,0,0.055634666666666666,0.055634666666666666,0.055634666666666666,0.055634666666666666,0.055634666666666666,0.1864782222222222,0.1864782222222222,0.1864782222222222,0.1864782222222222,0.1864782222222222,0,0,0,0
0.024999618421684043,0,-0.09696766798907827,0.06673317728213612,0.027149566142134013,-0.203015913193817,0,0.20122619611228731,0.2832361376707033,-0.3864610696192433,-0.8683982656034008,-0.09706742472080364,0,0,-0.1471209893004632,-0.27736361806987536,-0.10787161441590852,-0.9837839217074704,0.001999767457007126,0,0,0.09118033333333334,0.09118033333333334,0.09118033333333334,0.09118033333333334,0.09118033333333334,0.19941844444444445,0.19941844444444445,0.19941844444444445,0.19941844444444445,0.19941844444444445,0,0,0,0
0.02399720438284745,0,-0.09476459614290192,0.05646653462334596,0.031028075591010305,-0.17362417589115078,0,0.174430258772845,0.2827844053937166,-0.3484354785396162,-0.8400851466266039,-0.08975452800820391,0,0,-0.12032505196102086,-0.2778153503468621,-0.06984602333628145,-0.9424777960769379,0.00931266416960686,0,0,0.126726,0.126726,0.126726,0.126726,0.126726,0.21235866666666667,0.21235866666666667,0.21235866666666667,0.21235866666666667,0.21235866666666667,0,0,0,0
0.02299479034401085,0,-0.09256152429672555,0.04619989196455578,0.03490658503988659,-0.14423243858848458,0,0.14763432143340263,0.2823326731167298,-0.3104098874599892,-0.811772027649807,-0.08244163129560418,0,0,-0.09352911462157851,-0.27826708262384886,-0.0318204322566544,-0.9011716704464054,0.01662556088220659,0,0,0.16227166666666668,0.16227166666666668,0.16227166666666668,0.16227166666666668,0.16227166666666668,0.22529888888888888,0.22529888888888888,0.22529888888888888,0.22529888888888888,0.22529888888888888,0,0,0,0
0.021992376305174255,0,-0.09035845245054919,0.03593324930576561,0.030543261909900768,-0.16127640776560392,0,0.12083838409396028,0.281880940839743,-0.2723842963803621,-0.7834589086730102,-0.07512873458300445,0,0,-0.06673317728213615,-0.27871881490083567,0.006205158822972651,-0.859865544815873,0.023938457594806326,0,0,0.19781733333333335,0.19781733333333335,0.19781733333333335,0.19781733333333335,0.19781733333333335,0.2382391111111111,0.2382391111111111,0.2382391111111111,0.2382391111111111,0.2382391111111111,0,0,0,0
0.020989962266337654,0,-0.08815538060437283,0.02566660664697544,0.026179938779914945,-0.17832037694272324,0,0.09404244675451795,0.2814292085627563,-0.23435870530073505,-0.7551457896962132,-0.06781583787040471,0,0,-0.039937239942693825,-0.2791705471778224,0.04423074990259973,-0.8185594191853406,0.03125135430740606,0,0,0.23336300000000001,0.23336300000000001,0.23336300000000001,0.23336300000000001,0.23336300000000001,0.2511793333333333,0.2511793333333333,0.2511793333333333,0.2511793333333333,0.2511793333333333,0,0,0,0
0.01998754822750106,0,-0.08595230875819647,0.015399963988185258,0.02181661564992912,-0.19536434611984255,0,0.0672465094150756,0.2809774762857695,-0.196333114221108,-0.7268326707194163,-0.06050294115780498,0,0,-0.01314130260325147,-0.27962227945480916,0.08225634098222678,-0.7772532935548081,0.03856425102000579,0,0,0.2689086666666667,0.2689086666666667,0.2689086666666667,0.2689086666666667,0.2689086666666667,0.26411955555555555,0.26411955555555555,0.26411955555555555,0.26411955555555555,0.26411955555555555,0,0,0,0
0.01898513418866446,0,-0.0837492369120201,0.005133321329395091,0.017453292519943295,-0.21240831529696189,0,0.04045057207563324,0.2805257440087827,-0.15830752314148094,-0.6985195517426194,-0.053190044445205246,0,0,0.013654634736190885,-0.28007401173179597,0.12028193206185384,-0.7359471679242756,0.045877147732605525,0,0,0.3044543333333334,0.3044543333333334,0.3044543333333334,0.3044543333333334,0.3044543333333334,0.2770597777777778,0.2770597777777778,0.2770597777777778,0.2770597777777778,0.2770597777777778,0,0,0,0
0.017982720149827866,0,-0.08154616506584375,-0.005133321329395077,0.013089969389957472,-0.20293946777257965,0,0.013654634736190885,0.28007401173179597,-0.12028193206185389,-0.6702064327658225,-0.04587714773260551,0,0,0.04045057207563324,-0.2805257440087827,0.1583075231414809,-0.6946410422937431,0.05319004444520526,0,0,0.34,0.34,0.34,0.34,0.34,0.29,0.29,0.29,0.29,0.29,0,0,0,0
0.016980306110991265,0,-0.07934309321966738,-0.015399963988185258,0.008726646259971646,-0.19347062024819742,0,-0.01314130260325147,0.27962227945480916,-0.08225634098222684,-0.7197301502911616,-0.03856425102000578,0,0,0.0672465094150756,-0.2809774762857695,0.19633311422110794,-0.7234389749516495,0.06050294115780499,0,0,0.31919225,0.31919225,0.31919225,0.31919225,0.31919225,0.256261125,0.256261125,0.256261125,0.256261125,0.256261125,0,0,0,0
0.01597789207215467,0,-0.07714002137349102,-0.025666606646975426,0.004363323129985823,-0.18400177272381518,0,-0.039937239942693825,0.2791705471778224,-0.044230749902599786,-0.7692538678165007,-0.031251354307406054,0,0,0.09404244675451795,-0.2814292085627563,0.234358705300735,-0.752236907609556,0.06781583787040471,0,0,0.2983845,0.2983845,0.2983845,0.2983845,0.2983845,0.22252224999999998,0.22252224999999998,0.22252224999999998,0.22252224999999998,0.22252224999999998,0,0,0,0
0.014975478033318071,0,-0.07493694952731467,-0.035933249305765594,0.0,-0.17453292519943295,0,-0.06673317728213612,0.27871881490083567,-0.006205158822972678,-0.8187775853418398,-0.02393845759480631,0,0,0.12083838409396025,-0.281880940839743,0.2723842963803621,-0.7810348402674624,0.07512873458300445,0,0,0.27757675000000004,0.27757675000000004,0.27757675000000004,0.27757675000000004,0.27757675000000004,0.188783375,0.188783375,0.188783375,0.188783375,0.188783375,0,0,0,0
0.013973063994481477,0,-0.0727338776811383,-0.046199891964555775,-0.004363323129985823,-0.19198621771937624,0,-0.09352911462157848,0.27826708262384886,0.031820432256654374,-0.8683013028671789,-0.016625560882206583,0,0,0.1476343214334026,-0.2823326731167298,0.31040988745998915,-0.8098327729253689,0.08244163129560418,0,0,0.256769,0.256769,0.256769,0.256769,0.256769,0.1550445,0.1550445,0.1550445,0.1550445,0.1550445,0,0,0,0
0.012970649955644883,0,-0.07053080583496193,-0.05646653462334596,-0.008726646259971646,-0.20943951023931953,0,-0.12032505196102083,0.2778153503468621,0.06984602333628143,-0.917825020392518,-0.009312664169606855,0,0,0.17443025877284496,-0.2827844053937166,0.3484354785396162,-0.8386307055832753,0.08975452800820391,0,0,0.23596125,0.23596125,0.23596125,0.23596125,0.23596125,0.121305625,0.121305625,0.121305625,0.121305625,0.121305625,0,0,0,0
0.011968235916808283,0,-0.06832773398878558,-0.06673317728213611,-0.013089969389957469,-0.22689280275926282,0,-0.1471209893004632,0.27736361806987536,0.10787161441590842,-0.9673487379178571,-0.0019997674570071122,0,0,0.20122619611228731,-0.2832361376707033,0.3864610696192432,-0.8674286382411818,0.09706742472080365,0,0,0.2151535,0.2151535,0.2151535,0.2151535,0.2151535,0.08756675000000003,0.08756675000000003,0.08756675000000003,0.08756675000000003,0.08756675000000003,0,0,0,0
0.010965821877971689,0,-0.06612466214260922,-0.07699981994092629,-0.0174532925199433,-0.24434609527920612,0,-0.17391692663990554,0.27691188579288856,0.14589720549553553,-1.0168724554431963,0.005313129255592616,0,0,0.22802213345172967,-0.28368786994769013,0.4244866606988703,-0.8962265708990882,0.10438032143340338,0,0,0.19434575,0.19434575,0.19434575,0.19434575,0.19434575,0.053827875000000025,0.053827875000000025,0.053827875000000025,0.053827875000000025,0.053827875000000025,0,0,0,0
0.009963407839135088,0,-0.06392159029643286,-0.08726646259971647,-0.021816615649929122,-0.2617993877991494,0,-0.2007128639793479,0.2764601535159018,0.18392279657516264,-1.0663961729685354,0.01262602596819234,0,0,0.254818070791172,-0.2841396022246769,0.4625122517784974,-0.9250245035569946,0.11169321814600311,0,0,0.173538,0.173538,0.173538,0.173538,0.173538,0.020089,0.020089,0.020089,0.020089,0.020089,0,0,0,0
0.008960993800298495,0,-0.0617185184502565,-0.08067165667570299,-0.026179938779914945,-0.2429323785850907,0,-0.18749723088324682,0.26898927383440163,0.15114365881037886,-1.0168724554431963,0.012793032160992547,0,0,0.23985067254145992,-0.27639968985645885,0.45527273512430316,-0.8962265708990882,0.10557265061938574,0,0,0.19434575,0.19434575,0.19434575,0.19434575,0.19434575,0.053827875,0.053827875,0.053827875,0.053827875,0.053827875,0,0,0,0
0.007958579761461894,0,-0.05951544660408013,-0.07407685075168949,-0.03054326190990076,-0.224065369371032,0,-0.17428159778714578,0.26151839415290146,0.11836452104559508,-0.9673487379178571,0.012960038353792754,0,0,0.2248832742917478,-0.26865977748824077,0.4480332184701089,-0.8674286382411818,0.09945208309276839,0,0,0.2151535,0.2151535,0.2151535,0.2151535,0.2151535,0.08756674999999998,0.08756674999999998,0.08756674999999998,0.08756674999999998,0.08756674999999998,0,0,0,0
0.0069561657226253,0,-0.05731237475790378,-0.067482044827676,-0.03490658503988659,-0.20519836015697332,0,-0.1610659646910447,0.25404751447140134,0.0855853832808113,-0.917825020392518,0.013127044546592961,0,0,0.20991587604203568,-0.26091986512002274,0.44079370181591465,-0.8386307055832753,0.09333151556615102,0,0,0.23596125,0.23596125,0.23596125,0.23596125,0.23596125,0.12130562499999997,0.12130562499999997,0.12130562499999997,0.12130562499999997,0.12130562499999997,0,0,0,0
0.0059537516837886995,0,-0.055109302911727415,-0.06088723890366251,-0.03245746116495229,-0.18633135094291461,0,-0.14785033159494365,0.24657663478990116,0.05280624551602753,-0.8683013028671789,0.01329405073939317,0,0,0.19494847779232355,-0.2531799527518047,0.4335541851617204,-0.8098327729253689,0.08721094803953366,0,0,0.256769,0.256769,0.256769,0.256769,0.256769,0.15504449999999997,0.15504449999999997,0.15504449999999997,0.15504449999999997,0.15504449999999997,0,0,0,0
0.004951337644952106,0,-0.05290623106555105,-0.054292432979649016,-0.03000833729001799,-0.187549736204911,0,-0.13463469849884258,0.23910575510840099,0.02002710775124375,-0.8187775853418398,0.013461056932193377,0,0,0.17998107954261144,-0.24544004038358663,0.42631466850752614,-0.7810348402674625,0.0810903805129163,0,0,0.27757675000000004,0.27757675000000004,0.27757675000000004,0.27757675000000004,0.27757675000000004,0.18878337499999998,0.18878337499999998,0.18878337499999998,0.18878337499999998,0.18878337499999998,0,0,0,0
0.003948923606115505,0,-0.05070315921937468,-0.04769762705563553,-0.02755921341508369,-0.18876812146690736,0,-0.1214190654027415,0.2316348754269008,-0.012752030013540028,-0.7692538678165007,0.013628063124993584,0,0,0.16501368129289934,-0.2377001280153686,0.4190751518533319,-0.752236907609556,0.07496981298629893,0,0,0.29838450000000005,0.29838450000000005,0.29838450000000005,0.29838450000000005,0.29838450000000005,0.22252224999999995,0.22252224999999995,0.22252224999999995,0.22252224999999995,0.22252224999999995,0,0,0,0
0.0029465095672789113,0,-0.04850008737319833,-0.04110282113162204,-0.025110089540149386,-0.18998650672890374,0,-0.10820343230664044,0.22416399574540066,-0.045531167778323806,-0.7197301502911616,0.013795069317793791,0,0,0.15004628304318723,-0.22996021564715055,0.41183563519913763,-0.7234389749516495,0.06884924545968157,0,0,0.31919225,0.31919225,0.31919225,0.31919225,0.31919225,0.256261125,0.256261125,0.256261125,0.256261125,0.256261125,0,0,0,0
0.0019440955284423106,0,-0.04629701552702198,-0.034508015207608544,-0.022660965665215083,-0.19120489199090013,0,-0.09498779921053938,0.21669311606390051,-0.07831030554310758,-0.6702064327658225,0.013962075510593999,0,0,0.1350788847934751,-0.2222203032789325,0.4045961185449434,-0.6946410422937431,0.06272867793306422,0,0,0.34,0.34,0.34,0.34,0.34,0.29,0.29,0.29,0.29,0.29,0,0,0,0
0.0009416814896057168,0,-0.0440939436808456,-0.02791320928359505,-0.020211841790280783,-0.19242327725289649,0,-0.08177216611443831,0.20922223638240034,-0.11108944330789139,-0.6518165529360277,0.014129081703394206,0,0,0.120111486543763,-0.21448039091071447,0.3973566018907491,-0.6731968362729583,0.05660811040644685,0,0,0.37032512500000003,0.37032512500000003,0.37032512500000003,0.37032512500000003,0.37032512500000003,0.326904625,0.326904625,0.326904625,0.326904625,0.326904625,0,0,0,0
-6.0732549230883837e-05,0,-0.04189087183466925,-0.02131840335958156,-0.017762717915346483,-0.19364166251489287,0,-0.06855653301833725,0.20175135670090016,-0.14386858107267514,-0.633426673106233,0.014296087896194413,0,0,0.10514408829405086,-0.20674047854249641,0.39011708523655486,-0.6517526302521734,0.05048754287982949,0,0,0.40065025000000004,0.40065025000000004,0.40065025000000004,0.40065025000000004,0.40065025000000004,0.36380925,0.36380925,0.36380925,0.36380925,0.36380925,0,0,0,0
-0.0010631465880674776,0,-0.039687799988492894,-0.014723597435568073,-0.01531359404041218,-0.19486004777688926,0,-0.055340899922236175,0.19428047701940002,-0.1766477188374589,-0.6150367932764382,0.01446309408899462,0,0,0.09017669004433876,-0.19900056617427836,0.3828775685823606,-0.6303084242313887,0.04436697535321213,0,0,0.43097537500000005,0.43097537500000005,0.43097537500000005,0.43097537500000005,0.43097537500000005,0.400713875,0.400713875,0.400713875,0.400713875,0.400713875,0,0,0,0
-0.0020655606269040783,0,-0.037484728142316515,-0.008128791511554587,-0.012864470165477877,-0.1960784330388856,0,-0.0421252668261351,0.18680959733789984,-0.2094268566022427,-0.5966469134466434,0.014630100281794827,0,0,0.07520929179462665,-0.19126065380606033,0.37563805192816635,-0.6088642182106039,0.03824640782659476,0,0,0.4613005,0.4613005,0.4613005,0.4613005,0.4613005,0.4376185,0.4376185,0.4376185,0.4376185,0.4376185,0,0,0,0
-0.0030679746657406724,0,-0.03528165629614017,-0.001533985587541084,-0.010415346290543578,-0.197296818300882,0,-0.02890963373003405,0.1793387176563997,-0.2422059943670265,-0.5782570336168488,0.014797106474595034,0,0,0.06024189354491452,-0.18352074143784228,0.3683985352739721,-0.587420012189819,0.03212584029997741,0,0,0.49162562500000007,0.49162562500000007,0.49162562500000007,0.49162562500000007,0.49162562500000007,0.474523125,0.474523125,0.474523125,0.474523125,0.474523125,0,0,0,0
0.0,0,-0.034259009709754956,1.1635528348111213e-09,-0.007966222415609278,-0.19851520356287838,0,-0.015694000633932975,0.17186783797489952,-0.27498513213181025,-0.559867153787054,0.014964112667395243,0,0,0.045274495295202416,-0.17578082906962422,0.36115901861977784,-0.5659758061690342,0.02600527277336004,0,0,0.52195075,0.52195075,0.52195075,0.52195075,0.52195075,0.51142775,0.51142775,0.51142775,0.51142775,0.51142775,0,0,0,0
0.0030679746657406724,0,-0.03323636312336975,0.0015339879146467536,-0.005517098540674975,-0.19973358882487474,0,-0.002478367537831927,0.16439695829339934,-0.307764269896594,-0.5414772739572593,0.01513111886019545,0,0,0.030307097045490283,-0.1680409167014062,0.3539195019655836,-0.5445316001482494,0.019884705246742684,0,0,0.5522758750000001,0.5522758750000001,0.5522758750000001,0.5522758750000001,0.5522758750000001,0.548332375,0.548332375,0.548332375,0.548332375,0.548332375,0,0,0,0
0.006135949331481345,0,-0.03221371653698454,0.0030679746657406724,-0.0030679746657406724,-0.20095197408687113,0,0.010737265558269142,0.1569260786118992,-0.3405434076613778,-0.5230873941274645,0.015298125052995657,0,0,0.01533969879577819,-0.16030100433318814,0.3466799853113893,-0.5230873941274645,0.013764137720125321,0,0,0.582601,0.582601,0.582601,0.582601,0.582601,0.585237,0.585237,0.585237,0.585237,0.585237,0,0,0,0
